OrderID,OrderDate,ProcessingTime,ShippingTime,DeliveryTime,CustomerSatisfaction
1,2024-04-12,20.740819460989204,43.33963498131758,65.73949779592374,3
2,2024-12-14,24.23699335658207,32.05296932733204,67.5736512864314,5
3,2024-09-27,19.69793317358024,53.136001065697165,86.63725079017064,4
4,2024-04-16,22.077222278850872,42.672991603380886,85.7768166591362,2
5,2024-03-12,29.0314640460722,36.30083164289712,53.31423935330423,3
6,2024-07-07,21.115540652384254,19.277377867183507,72.82401166499773,3
7,2024-01-21,28.17846056032571,47.724850949493636,61.35630217876241,2
8,2024-04-12,18.351465726711908,65.72251596669744,53.12242633986998,2
9,2024-05-01,26.649020889576413,64.6125921454787,68.74474424363444,4
10,2024-08-02,31.207843103289502,43.429037434137285,67.37275817316271,3
11,2024-11-26,11.641777499363553,41.97787939638219,108.40074729518284,3
12,2024-03-28,20.015523722647615,52.68774256075024,78.49439738041045,1
13,2024-04-09,26.8853606359027,38.016145608117085,51.33573748868644,5
14,2024-12-25,22.984773069785035,51.01791899819466,63.52838993743587,5
15,2024-05-31,25.855729366856544,55.660802783846904,87.32074943144097,1
16,2024-05-10,20.980074066420897,60.26933223884308,103.32664159304888,5
17,2024-05-29,24.4329489373645,46.99845923520047,48.210250316430624,2
18,2024-11-04,23.221613823039604,45.96326249823034,43.80113422291433,5
19,2024-09-14,29.838910308299035,39.22017413243439,100.06447763057673,5
20,2024-12-09,25.272104216506065,39.7311964596014,77.84421266056356,1
21,2024-10-20,25.68801331037601,45.73521108098473,58.9756090218545,4
22,2024-07-10,21.940615169387662,51.67365506816178,80.01943629183653,5
23,2024-10-03,21.561968879637533,57.13584626233249,32.463783914746834,5
24,2024-06-09,21.837209060901895,39.96821049319655,72.05063259895742,4
25,2024-11-09,25.972260711891483,62.92688568959522,76.91731759264628,1
26,2024-01-22,21.895077595898684,45.28876398957431,85.86405209306744,4
27,2024-09-09,25.448874284482066,47.78632705651564,56.791560715611936,1
28,2024-08-23,34.37700399322719,40.527883208521764,73.28530742105039,2
29,2024-12-10,28.355623517158463,23.757597397270583,58.11863060910619,1
30,2024-02-18,22.369882339160796,56.8404539636105,75.83075633511476,2
31,2024-02-28,30.006069610819722,55.36843897092433,58.56980516455464,2
32,2024-06-18,21.959623134892244,45.18672442881787,65.87848741259668,1
33,2024-07-06,13.80937732411073,48.66990717224872,57.062769078146566,3
34,2024-09-27,18.95956844541298,53.15939217704099,81.76704362735485,1
35,2024-07-08,14.646040394870722,32.374541431134574,84.87676674984998,5
36,2024-06-23,22.24243257979346,42.70947322653705,68.48069145063879,5
37,2024-02-20,24.092091895947757,55.94264679621827,72.57356992440043,3
38,2024-12-29,32.382186561376415,35.45710576830751,50.27112878049684,2
39,2024-02-24,25.634636868820813,50.935579321666296,67.50485027989819,3
40,2024-08-31,22.90449735595568,34.43418195376595,71.24693074437383,5
41,2024-11-15,28.147027905917447,52.66429982433527,111.31189636544963,3
42,2024-05-10,12.944323454960575,47.643585177025166,55.320494613387545,1
43,2024-11-02,25.178072790542828,31.848681840944906,93.96265858128656,3
44,2024-05-14,27.854325969434832,59.64739354457171,86.95288160198712,2
45,2024-01-21,16.607068771100792,40.65408423201951,76.20954606735205,1
46,2024-11-24,29.718770216034645,39.89747562985619,98.379307262927,4
47,2024-06-15,25.69248203747207,50.00569197230943,77.58158208910294,5
48,2024-09-30,21.923560430495993,59.48637349428715,77.83738793501894,5
49,2024-03-29,27.163909330531425,37.841781810216034,71.20319020473681,3
50,2024-11-11,35.35346428902198,48.61679849847972,90.35353323627942,1
51,2024-01-14,24.909331275292477,52.28816500330573,88.44703850716326,4
52,2024-08-29,25.24110293150168,54.93105607263144,62.614840687556814,1
53,2024-09-21,21.70319550229878,49.76441555277225,52.211292081018485,5
54,2024-12-11,19.75077815267604,44.329721609166775,68.95529043906514,1
55,2024-02-22,28.151679082721227,39.724097793512804,59.99942153403531,4
56,2024-12-05,19.719580870455665,48.86143883046375,71.04713138076967,3
57,2024-04-01,24.357831186096963,37.27860988014393,90.56157202026209,2
58,2024-09-20,21.611712766174417,18.78649516505393,65.14047517369815,1
59,2024-02-04,26.39489912873196,52.365598041576675,71.35764928032637,2
60,2024-07-24,25.66831052643474,57.039348410861955,72.87034102212593,5
61,2024-03-21,29.187699721289498,24.370675644581617,84.72646323307927,3
62,2024-02-19,21.449918005726264,37.90269295290062,38.29665999023092,3
63,2024-12-25,22.650625323533145,54.191542610051975,62.89949557852055,1
64,2024-01-02,19.106181421088465,68.574954697117,75.16925538419208,3
65,2024-02-23,21.77853369961944,48.20793707675408,90.00118434640292,1
66,2024-04-15,25.88650246522426,40.71997058770866,64.62146328740693,1
67,2024-09-16,27.78494308322676,46.1710355889516,43.85170940937189,2
68,2024-11-05,19.389173379111874,61.74876419148185,81.29567168949204,3
69,2024-07-09,28.3480296005283,41.54035820875465,62.46956416761556,1
70,2024-08-05,30.778189294024756,40.00807993349746,54.155000113644576,2
71,2024-02-13,26.067174516118506,43.17256477817968,62.63481915430164,4
72,2024-06-10,33.38397906279033,38.466713917412875,69.23211963516226,2
73,2024-07-20,20.131054004482134,49.22670315994795,62.92883003192681,2
74,2024-09-26,17.776726483442914,64.2467845846956,38.91650914351396,1
75,2024-12-16,15.106398755478606,51.23079273116029,85.45599295330697,5
76,2024-10-30,31.480221557445915,45.47646497873713,91.12312561918083,5
77,2024-09-27,27.27182828177029,45.08188731084456,81.77282987009258,5
78,2024-08-02,23.722076645447725,32.36809191303343,54.93471494362775,2
79,2024-09-08,25.399843131599102,56.83109777147159,68.97762699078723,1
80,2024-07-08,18.372554763508116,47.22162802987198,71.90218027155812,3
81,2024-10-22,36.228759898084135,46.19520086409374,80.98191584342865,2
82,2024-07-31,24.646105909876137,79.93107567844861,82.02510733077122,2
83,2024-07-26,24.546973973024464,50.98752908365686,60.987393018322564,1
84,2024-08-24,27.62883311949346,40.48208949904816,73.22993334620341,4
85,2024-12-03,26.405046158683568,43.736424037944566,78.85920606922862,2
86,2024-02-22,25.119420121395656,59.48445709196755,93.83733483220149,4
87,2024-10-06,20.04762772277344,49.13270410537764,82.56759809737085,4
88,2024-08-04,26.357341785679978,33.61722021682633,83.83585031063278,5
89,2024-09-08,33.41012248237517,57.19228934575204,73.25739941894041,1
90,2024-07-06,30.727100230774887,41.31855914461006,93.15688717805256,4
91,2024-02-10,31.965933133196984,66.73297776217545,78.14644193939246,1
92,2024-06-05,21.443921617844076,58.80048065714649,59.08368134739644,5
93,2024-01-15,19.051975898707095,43.52678104341249,93.05054955187786,1
94,2024-10-27,23.37106539950176,60.81016361735113,82.46854908808541,2
95,2024-03-05,24.278624561443472,48.678555105274036,65.35433968307277,4
96,2024-12-10,29.470957592354743,56.52773675122219,64.80760548901135,1
97,2024-11-22,15.537676851425903,52.84732817294475,76.44863317711143,3
98,2024-01-09,31.64775159730307,39.536433450091266,78.94777192901377,1
99,2024-12-09,23.209960507105052,41.56450167682538,74.95938398446809,4
100,2024-05-08,21.8655946502629,58.29960817581161,76.66963010164328,5
101,2024-05-15,18.93947812369916,44.65224667893459,97.49936061864571,5
102,2024-03-03,15.725716640671154,43.96351536758003,88.07314728352328,4
103,2024-05-18,28.115852919809573,38.44877420650647,74.85953386897536,2
104,2024-03-21,24.36658983594202,52.235990655934614,86.11965871151224,2
105,2024-06-11,17.55019550129473,68.62524919243145,56.512141447086904,5
106,2024-10-15,17.52460613968192,37.32467085745727,77.96890574920214,5
107,2024-09-17,22.32107650354936,48.24219456672758,99.13959524599665,4
108,2024-08-18,32.34510762644696,62.12220555415429,68.72931156911439,2
109,2024-02-10,22.702043243181976,47.203586087542845,59.28549107071373,5
110,2024-01-28,16.48428523440947,52.52371796249734,62.21866667110409,2
111,2024-05-14,22.77128467957028,37.376064718531204,55.655504439864174,5
112,2024-07-19,22.636382151261646,52.28307097207649,60.22857137808445,1
113,2024-11-23,10.515566785292142,46.12855734995451,66.44237852114956,3
114,2024-09-24,23.72852566741094,57.85729995679863,50.91649471232037,1
115,2024-02-02,22.84532734895661,59.87386051564751,72.23427500924404,5
116,2024-02-17,27.48103182406709,73.89563642018614,85.53415760679971,3
117,2024-03-02,33.244780474726724,53.796331732135755,58.38365729779619,3
118,2024-08-03,29.632825147738785,51.257963165821664,94.78925885462652,5
119,2024-10-19,22.655556547225846,49.94384301577336,79.66188132791392,5
120,2024-04-08,18.467370456291647,44.46833707189312,87.45870878436085,2
121,2024-06-20,36.8667990162493,51.38483843461691,62.132481692217944,5
122,2024-12-25,24.29609217007244,45.04598589860971,84.81787840599924,4
123,2024-08-01,24.06964645956473,49.68460976269614,55.6209914940703,5
124,2024-02-04,23.879374564449982,61.1759753560796,85.35371251254763,4
125,2024-08-14,24.990423803839274,37.934574347203586,74.57759009690297,5
126,2024-04-10,23.278197940380288,59.39878561129045,80.29876829977175,2
127,2024-05-10,21.131689965598817,61.17115067339866,54.36608091562722,4
128,2024-09-13,21.26570529379804,46.81931473008921,58.57395236585093,1
129,2024-01-05,23.836233648920008,26.781451009914054,80.95842327380078,4
130,2024-08-05,21.282876144331176,41.921780129055676,57.77477993663699,2
131,2024-09-11,20.435771086614178,60.96994546561109,78.94809438148684,4
132,2024-12-24,24.532151138459483,47.77131937701118,51.49293290309632,5
133,2024-10-09,22.725113912895722,38.00697767705089,84.72261319000002,5
134,2024-07-25,31.519964942913443,42.95225078771782,53.51215027847236,2
135,2024-01-15,10.745150958034941,56.40620026504553,80.28449906519285,3
136,2024-12-11,29.45753425961231,53.4673356820138,81.38446400469002,5
137,2024-02-11,30.230425962488145,45.61067900830306,61.54842272355638,1
138,2024-06-27,13.633048837959253,44.33175588185313,80.7303985062709,2
139,2024-03-03,22.286562029598258,44.08241850956178,75.90663395000334,4
140,2024-12-17,22.142795670021044,38.77589815501497,63.91737215710893,4
141,2024-08-18,16.962441526410892,64.15375689469442,56.871679738856876,1
142,2024-08-28,20.110916562045624,44.7767953078866,42.56061462491131,5
143,2024-02-21,18.447120772670857,60.17158520825497,77.2447507094954,2
144,2024-04-05,32.761352217118116,63.213160519224516,48.52795842956917,1
145,2024-08-09,28.678391965737305,57.9831089814796,73.43016299161962,5
146,2024-08-18,30.357775474970794,43.683796872819514,68.04827675876626,2
147,2024-08-24,27.608360320216175,52.037300903366095,82.18714163157293,4
148,2024-05-22,18.354741143913856,47.758043936090836,67.46931750765204,2
149,2024-06-19,21.37739866860113,38.96298139269872,67.05828320479363,3
150,2024-01-29,26.44687280613959,51.24359281721603,82.97806056432444,2
151,2024-02-05,17.889360955540273,36.20960208840198,77.02587043626177,3
152,2024-01-13,27.56499215086194,59.87679388461564,76.74233935774167,2
153,2024-06-08,22.798373009209325,43.35382702701607,79.03901384712789,3
154,2024-11-22,22.125895962252013,50.01159655872839,48.966418151893414,4
155,2024-07-05,27.554799841017456,50.83287871546142,83.35183019980472,5
156,2024-08-30,26.2213165574302,45.410950262959226,81.18703191020404,3
157,2024-03-26,22.1951691709046,53.86693801475275,56.74975307135254,3
158,2024-10-10,29.79664901682124,43.25096343377476,68.33879289488698,4
159,2024-03-06,18.594683362000513,56.71297297457244,71.41039068558553,3
160,2024-06-18,27.07967803472132,34.54020319753251,69.98254823397401,1
161,2024-02-14,26.96550628984192,49.26379579546412,77.00789949852802,4
162,2024-03-02,22.452267803430047,67.38928999058285,93.47050172746775,1
163,2024-05-13,25.63066511121059,37.99668675394425,88.22650091509243,4
164,2024-10-10,17.744432118073483,41.222550294751485,52.31671209852891,3
165,2024-01-28,28.620135096034506,53.13907849658915,81.33104985459073,1
166,2024-04-17,23.075489317785056,49.79581781939598,91.93399979303115,3
167,2024-02-13,21.386384897404803,51.50630099273559,77.80212781033804,4
168,2024-12-05,29.245046129184445,52.891871301476634,88.3647063777895,3
169,2024-10-12,20.478281547286205,54.3472146856177,102.18405668551148,1
170,2024-11-26,16.957693518182204,59.09699841956223,87.35564319160471,1
171,2024-05-07,16.216854132380483,52.098186569285126,75.73962893462593,3
172,2024-12-13,27.030049756728197,45.58742345381457,87.6763271112713,2
173,2024-08-18,17.597853237518585,54.72573701202731,74.17331749645336,4
174,2024-07-08,32.77397090992182,66.99881934895215,72.35854564927433,4
175,2024-08-12,13.59035296058139,46.67366253617426,66.72878646429402,3
176,2024-10-09,32.48228184145019,38.254706953293585,95.45120038248163,2
177,2024-04-30,25.05508733601309,59.07080669286972,59.72357001086998,1
178,2024-04-25,23.516434440648037,46.796188360464015,94.98551587017174,5
179,2024-08-20,21.275404565955252,26.273304539859637,79.49796185610558,5
180,2024-09-15,25.995680571760353,56.47421677150422,51.01040737797088,3
181,2024-12-24,23.81182648787576,42.64671814046077,77.51473939487133,2
182,2024-07-16,29.516509410082605,47.094667176958396,40.49960238522564,2
183,2024-05-16,24.571138243310198,51.319803305690144,81.38262025246553,4
184,2024-11-13,24.75150880730939,49.904996797790666,85.27847224483486,1
185,2024-06-13,22.18193893893072,55.0945181713904,63.1146606652192,2
186,2024-08-12,23.715271881394663,43.645136294301565,73.85321543933374,5
187,2024-11-02,25.539008844460295,53.131057981760826,101.31236150625429,1
188,2024-08-21,15.449158036716872,45.40453322416083,64.41379943607095,1
189,2024-06-20,17.259072889471433,55.38810480887503,56.11638619415099,3
190,2024-05-31,27.716320470113576,54.153674840130535,94.22495103693899,2
191,2024-11-10,24.854327190639708,38.645612979554045,101.43880785796192,3
192,2024-06-08,23.080083318236603,58.85982116175032,72.0554350777177,2
193,2024-04-05,24.092169665326967,42.64036554885952,87.17194553112535,4
194,2024-08-20,25.737908526808354,56.08057798281145,92.12213873296321,3
195,2024-06-28,21.301201598453193,51.67287313401341,60.86273651192424,3
196,2024-04-22,20.108476372988438,66.38183676795123,64.72041246948197,5
197,2024-11-13,24.979226275488408,45.76534017628148,90.46311769732102,3
198,2024-02-21,19.10813611192484,44.506832038818025,97.27521418062764,2
199,2024-09-24,26.041263778572358,47.805803941122676,80.44321290261533,5
200,2024-10-21,15.487081978810798,44.968202171657246,58.802784697469185,3
201,2024-04-22,29.14577818662822,55.9994190194205,101.80591667549162,3
202,2024-04-10,26.362987412065216,31.83689391563412,64.03543653282053,4
203,2024-04-22,25.28014867156938,37.46317580853646,66.97293328242823,3
204,2024-03-21,28.91345491972757,37.32197078420807,77.13506751734432,1
205,2024-07-05,32.32737222231288,57.50307591973576,95.31240631072161,5
206,2024-04-22,29.07185032509065,65.10613372581925,84.80963964828335,1
207,2024-01-02,14.795628843341774,46.955507814625285,78.22298250542866,5
208,2024-05-09,17.602115166321493,46.311782768099896,78.9493279517716,4
209,2024-08-07,20.875907111521606,48.700521631131814,72.65272002965199,3
210,2024-02-23,24.13045525105417,59.61878302608191,80.37209271777759,3
211,2024-12-08,26.588295102345615,38.72646865809426,34.05659883458546,3
212,2024-08-11,20.371280934232672,50.38368982734785,67.55088811395302,5
213,2024-08-12,24.93383382238539,57.7519762978243,75.61982902375172,3
214,2024-05-05,20.22308533823339,53.01094169939845,54.73478874570739,1
215,2024-05-09,20.942410985040258,49.89581616598743,77.7948497671734,3
216,2024-02-22,16.96669451575889,58.01046092567141,68.93293168520817,4
217,2024-06-20,19.38383376944548,20.96767707000763,98.33213547473235,1
218,2024-08-05,17.24157697191833,54.77875319530908,95.59529587822284,3
219,2024-06-08,19.120633735113337,41.45924316872576,65.01291646322755,3
220,2024-07-16,29.268208983039198,29.693671031435432,69.73743432649957,2
221,2024-09-03,19.253005555840286,53.11202599524981,70.89078651587411,5
222,2024-11-19,37.161910324186955,61.73658545162958,65.22510785760566,1
223,2024-07-21,26.466589504404446,46.62551485372308,74.9253747604219,2
224,2024-07-02,24.92418061847437,57.528745472029385,60.625768966686145,4
225,2024-05-02,19.708211099093933,64.12278257988646,55.04076997593711,5
226,2024-09-11,27.501549397044958,61.14914453584048,81.34066835850403,1
227,2024-10-20,21.12181086881113,64.39964529371393,81.44294376332716,3
228,2024-10-06,24.610049073226808,55.42127491071892,59.93526360510012,1
229,2024-11-20,36.800422691343975,48.754336389015926,85.430331461439,3
230,2024-04-07,23.51970050137675,31.980341881028316,62.52633406252003,5
231,2024-07-16,29.74636663142838,45.53937511870051,75.79747857056972,3
232,2024-08-27,20.48411787437056,39.567534046838084,84.30516018918684,4
233,2024-05-23,23.82505754751519,69.70942717497815,71.49581152944431,3
234,2024-04-06,32.85400317817755,46.24114187567663,78.82111368211702,4
235,2024-07-19,20.865164711061162,49.23204806784486,64.25355534168642,5
236,2024-05-03,33.062242789984644,53.51485376040468,69.05300124857854,5
237,2024-07-05,27.538759677277376,48.436024463724536,68.91210853679489,1
238,2024-11-21,21.18766612052866,64.95051040430752,60.80132480189641,4
239,2024-12-14,27.162038695277605,41.77350638265548,69.34838755326327,4
240,2024-09-15,28.86277224813365,49.94607455237243,48.7707255170438,2
241,2024-05-27,27.10904981108598,40.57529414301952,64.63269379286842,2
242,2024-09-08,16.148876400547717,34.79977488779294,67.72686759945493,2
243,2024-12-11,20.364314120875658,41.882309090947146,68.1573037125693,3
244,2024-05-26,22.762406822242475,47.62963202951588,68.37753831193832,2
245,2024-05-27,23.62783285449977,43.7069777548274,71.07353700209806,4
246,2024-12-17,27.103360487753392,41.07579020126144,79.19162277129095,3
247,2024-07-17,24.888505004666268,33.93682536328166,85.11775611198783,5
248,2024-11-03,17.323278206449494,47.16894427371305,62.25352159727599,1
249,2024-05-07,25.900989255029817,32.952796259689975,53.951987169162834,2
250,2024-02-08,27.052928726419115,55.60055963689602,56.36933381635345,5
251,2024-12-03,26.7989522396552,48.824397529345035,64.6919561820761,4
252,2024-12-25,29.403903627773108,33.4244850053507,66.72118023275236,1
253,2024-05-08,28.16961077274452,44.907909229501364,60.45005900703814,5
254,2024-09-23,26.295900396142184,40.478435944094166,52.55825003625158,1
255,2024-05-30,23.649171442706766,51.1917451041918,65.15818758788717,2
256,2024-10-24,15.695195332420043,61.40450446023144,74.72139930170957,4
257,2024-04-08,26.148091095662927,29.248275303542556,80.92544198753347,1
258,2024-09-19,25.038438435815557,49.150260791474174,63.63865420337518,5
259,2024-09-08,25.357894185976868,46.398672044333594,65.8050326678485,2
260,2024-05-23,17.616257120898453,54.713400764504655,58.09952536729034,2
261,2024-12-11,18.594717297958688,50.131966282376894,71.52841244437835,5
262,2024-04-21,29.26576426666452,40.48030668261181,59.27357048713778,5
263,2024-02-29,23.802224230716725,44.80946064333382,80.596917198618,1
264,2024-01-02,27.40750348686312,40.03974143196511,45.21200262098833,3
265,2024-10-30,24.141591880652307,58.76007138598598,66.60555491321307,2
266,2024-09-10,24.148780697478728,48.21311648671942,76.51661008787613,1
267,2024-05-19,28.691419029879988,67.01190685753008,74.75751774483757,5
268,2024-02-06,21.41977635891313,47.39339186185379,112.39550495970745,1
269,2024-06-08,24.480603884704916,40.91593233089537,77.24700036851861,5
270,2024-01-09,21.688623556474788,32.862856073871725,56.93918104736984,4
271,2024-08-20,21.82751886283842,29.96860323744055,70.56803629366391,5
272,2024-04-08,22.454139382656802,32.158640569945106,45.356304998003225,5
273,2024-05-26,25.110668858168566,50.67126651011483,70.79100376054859,5
274,2024-10-30,21.606256891682612,53.08725023229934,59.50415914498862,3
275,2024-07-26,30.278780627867604,32.188092979678665,85.73085413340243,5
276,2024-05-10,19.52696348890248,56.950383140761154,63.756895881066974,2
277,2024-05-31,23.065641779193204,43.1693894831656,70.2485112630713,2
278,2024-02-23,21.801344708629124,49.467930119855495,62.46663237893395,1
279,2024-04-29,31.234889421768663,64.12220628255425,98.08277027779997,3
280,2024-06-09,24.982773882557872,56.96839315865532,67.18135850823133,1
281,2024-04-25,29.159222697343175,45.314693520941674,99.48835565218803,2
282,2024-03-15,16.57219813481514,39.08807774584713,84.212276431774,2
283,2024-04-22,25.335251329346296,26.48184598670695,79.23100091003079,4
284,2024-04-13,28.448153978117183,40.8084668075758,77.5309972097628,5
285,2024-12-05,24.41141994637712,45.88869761172305,77.90695947324377,2
286,2024-09-10,29.327401875326757,38.12820472848816,43.08491130981585,1
287,2024-08-14,21.41355774949814,46.68743032907695,67.81674908773866,1
288,2024-04-21,31.0467372009279,48.768518829587684,84.67736956776483,5
289,2024-04-08,35.49449061809625,45.751440181919214,71.26654224788842,5
290,2024-06-01,22.185807197801704,41.4999741917654,50.922152297946376,4
291,2024-12-14,21.77248739299614,49.68654671966728,71.21393324133795,3
292,2024-12-03,31.266922385588504,52.41940649569409,97.56158274383236,1
293,2024-07-12,31.897860728653562,37.096009225571535,90.70337573302079,5
294,2024-11-05,21.385699864233658,62.1093237974627,71.06993985950952,1
295,2024-06-11,21.899065914520712,47.014118677157384,86.2717391558713,5
296,2024-07-26,22.591076955697464,48.188496229448475,66.50239469447922,2
297,2024-06-17,17.277747444828613,55.08214423256557,46.441926197599216,1
298,2024-06-09,19.40674026757901,50.332161312635016,58.133010178056686,2
299,2024-03-08,18.97929616623966,57.53136633913245,95.44333152762297,1
300,2024-10-15,20.161012174479357,50.87124165201824,67.89010377256044,3
301,2024-10-03,23.826575563066093,41.87562625359562,68.34924030937474,4
302,2024-10-30,25.171073662682602,51.61503525206102,67.5024270558768,2
303,2024-05-14,31.752502464070385,36.56273792679338,100.56204884359511,5
304,2024-07-13,19.008229796306047,49.085597057765234,96.38938373043095,3
305,2024-05-07,28.921611992382918,47.66770009355539,105.281703501722,1
306,2024-02-02,22.930055778872454,45.918831427274604,69.61432184399924,2
307,2024-06-24,23.752681451737836,46.71462488561069,76.43436733120643,1
308,2024-01-22,27.37409746083302,29.18150954502361,49.25036175868813,1
309,2024-08-25,18.386389892188507,42.512750922590385,94.15401639177412,1
310,2024-06-06,25.912048730920255,48.928449011411146,54.48330673098097,4
311,2024-02-07,24.83226104106528,49.598563919974005,75.25163345643944,4
312,2024-08-17,26.462256320040744,37.72324859074042,55.54046208550734,5
313,2024-12-30,25.44584321953909,60.65707840864701,63.16699759891956,2
314,2024-02-20,36.276500699554475,39.33825151785499,59.441063534254496,3
315,2024-09-20,20.81130007874342,57.69457200526737,62.881871089862734,3
316,2024-10-09,21.345015224990913,52.27194361871685,63.91315945276532,3
317,2024-01-27,20.88429736787618,41.53772690156197,63.775968076123846,1
318,2024-08-13,21.222614404198726,65.75310892609512,84.50000867670461,4
319,2024-10-03,20.81306436346741,36.0636316824352,55.4270581040622,2
320,2024-10-12,29.94508265553776,57.191541736100014,75.308121405208,1
321,2024-04-06,31.102521239949276,58.005823180429786,90.26938728458337,4
322,2024-10-10,21.14626853125262,41.293797909233554,64.30205453229905,4
323,2024-11-12,19.838222134478855,61.92465300064329,61.23121663878597,2
324,2024-10-30,26.35707778193202,45.49953485401047,68.54213062229624,2
325,2024-05-26,21.238884778595143,50.88693629279857,89.69587812541064,2
326,2024-01-04,27.164659088777555,50.603218387712204,74.91161446430037,1
327,2024-02-04,25.0146151042565,46.65691258529452,64.03178558088602,5
328,2024-07-10,16.42127942501384,56.10808273159782,79.2581497678206,2
329,2024-02-18,31.737526006650306,55.93488720552213,55.46561775245365,5
330,2024-01-17,32.97938836547761,30.514680267618193,82.22039265664422,1
331,2024-06-20,20.93605654757807,61.043402428781526,78.12910961552652,5
332,2024-08-07,22.061492200320078,31.375080119643258,67.38287293291674,3
333,2024-06-06,25.429326953624525,58.32546204341657,59.421213023291536,5
334,2024-02-15,25.672283949935125,59.26705136827583,58.69978616574814,2
335,2024-01-06,27.29272136336415,37.09033569784802,80.02226004518866,1
336,2024-04-08,34.05102269383175,43.891857120454155,90.43470753733592,2
337,2024-08-20,23.11526386252975,36.94295331514064,62.44038379456808,3
338,2024-02-06,20.00851377730773,45.850789697112646,78.87580055327226,2
339,2024-10-06,17.103403859927365,44.919657158142584,40.694594720968965,2
340,2024-12-14,20.345349800290403,55.796605322693395,63.23073404014201,2
341,2024-10-28,23.834365135631014,61.10308746119608,71.53411600693647,4
342,2024-06-29,32.97278931758894,61.95683810789956,58.354748745272495,3
343,2024-04-04,21.411943504819142,42.37831973421698,57.95240437815606,2
344,2024-04-08,25.118939758194493,45.90778126255472,61.983306652966704,2
345,2024-07-06,23.91788551963624,31.165618077790498,76.38289092489559,2
346,2024-04-25,29.94196636724042,39.94129933503811,69.19006472390438,1
347,2024-07-09,36.63466212936811,57.64851633097457,38.42653150012542,4
348,2024-09-09,21.345656135398396,64.15582823548232,40.18949771047401,1
349,2024-06-09,21.55280278740889,35.65651128120078,62.89702233214237,4
350,2024-09-12,29.22080438534536,42.075357408471056,78.86529879080328,2
351,2024-11-18,27.40945744813156,47.73594243041073,30.78742735912148,3
352,2024-05-07,33.23353662868017,50.80161158819607,64.50404735772554,5
353,2024-01-18,26.919640926629818,39.90396480078354,64.10628215223868,5
354,2024-10-07,22.203539546064704,52.24061044464089,92.82506667312671,2
355,2024-08-10,26.953274153461546,43.26160652929084,66.22467282430705,1
356,2024-02-23,29.543517902914537,47.855477291217206,77.74483477111393,3
357,2024-02-27,28.102410905986822,53.462842480037,74.11885710131195,4
358,2024-11-18,26.53637015553649,48.064222698109376,40.04150280289199,2
359,2024-12-25,29.333373447945768,43.63614109473431,83.52310824947605,3
360,2024-06-22,29.846477952228362,46.90390196074169,75.23094758184432,3
361,2024-10-06,30.910794955187637,47.11637040794665,79.62402959511884,4
362,2024-04-23,27.243549437948214,44.29988970117872,130.8935655965449,3
363,2024-10-14,23.164409598415727,45.41203937332897,40.73830590752117,1
364,2024-12-07,24.733568432166614,63.986471705047165,97.87044974641663,1
365,2024-05-30,30.032544832541785,53.60919447941239,67.68828720899467,1
366,2024-05-06,19.91532164506382,45.045196819708394,76.30993356604515,3
367,2024-06-03,25.843366544364507,54.969544045107355,71.31731632048137,1
368,2024-09-29,22.033305938363196,44.6618051024399,65.63645499902935,4
369,2024-04-13,24.143724114674086,59.73124637586641,63.452506076418615,3
370,2024-10-25,30.392259313036494,51.69642192198094,76.94263103359513,5
371,2024-09-02,24.955495340099517,46.92697855995771,49.24239454992481,3
372,2024-06-24,24.232182740780743,52.477169258102776,83.25868751282648,4
373,2024-02-08,17.200719295100406,32.291238479315005,65.7570839267212,5
374,2024-06-18,27.731267830136105,36.73232531090195,55.04895991439463,3
375,2024-09-03,27.227420905705376,36.060749936009444,65.24980713006279,1
376,2024-01-26,34.8162736165273,49.429430947637066,90.8572382529386,2
377,2024-12-20,22.461108825234994,65.32514999485092,63.96997369475665,2
378,2024-11-01,25.095751638319694,70.31300146192632,77.3768042731443,1
379,2024-01-13,25.246918418553776,54.380511014407574,61.0356558642679,2
380,2024-11-11,31.887266398817374,53.00844474944457,83.3688277488543,2
381,2024-11-08,23.523522338065238,29.98942265847261,82.28261608185306,1
382,2024-02-05,25.395107628851697,42.57326200265978,99.72913249944617,1
383,2024-06-21,27.039482548582697,40.12216248091761,69.36654081751176,3
384,2024-01-20,24.93304561578179,41.79152401748884,82.0298220713686,3
385,2024-11-16,21.767831927247357,46.318561814152105,73.47101309308417,1
386,2024-09-20,24.97044996449154,43.27909422302873,91.43807672794522,4
387,2024-05-21,29.36815874929886,28.207001896242122,61.21751418586904,2
388,2024-05-22,18.8674235029447,55.47910256117534,83.17507969315922,3
389,2024-04-01,24.66484837073438,37.27256974260193,69.07954055824978,2
390,2024-12-19,20.499395925304135,50.39246864111149,71.03717734337253,5
391,2024-11-17,29.975233144624212,68.74082669749973,73.3762872667256,1
392,2024-10-14,16.384065476081126,38.80615408413577,75.78360594640016,4
393,2024-08-02,21.205390763642058,22.697124772536704,70.25656435317063,5
394,2024-12-07,25.886059375322603,45.139957781198895,75.22069774755789,5
395,2024-02-20,31.827620146171704,59.00959634998571,95.67177086343277,5
396,2024-06-01,23.67124869463506,67.58347454220593,86.78174528422828,1
397,2024-07-04,21.22400236653401,35.70450405547583,85.03731888745345,3
398,2024-03-03,33.40578534720295,52.966992232365214,65.16690710964194,1
399,2024-07-08,16.75993049791878,43.34689543219947,58.66138757657514,3
400,2024-05-04,13.005970216899591,46.94051645695864,86.3295083735663,5
401,2024-05-29,26.20007225026666,74.44343347017035,85.14070188794692,5
402,2024-11-09,21.489728878236946,32.970296716048466,94.09006013626473,4
403,2024-02-27,18.893835914346433,50.537396614945735,62.94029061046156,3
404,2024-12-07,27.541782236496765,52.676931717654334,68.5567701695948,5
405,2024-10-31,25.219003568855996,58.857863249393475,47.407737562118484,2
406,2024-06-28,21.179606846316357,48.97983153470896,66.1129334090869,4
407,2024-06-18,17.59847800664553,51.08050539504102,86.94855765869171,1
408,2024-11-21,28.362286641400722,44.08351432578209,65.00256931157703,4
409,2024-09-27,27.251005889793305,50.69126941245107,81.60719692801236,2
410,2024-02-23,23.504120681103085,44.5680772450259,69.14245341003283,3
411,2024-04-10,33.23318498023833,54.21571889856051,76.86085542332341,1
412,2024-09-20,18.649576168369236,44.30389663956366,54.78462915276499,1
413,2024-02-22,16.372374145376305,51.77100393902187,73.27814174450852,3
414,2024-02-29,20.540459650593778,47.707371863150215,27.13296043648915,4
415,2024-04-17,23.77206991822251,59.26050250772168,69.19655762757023,5
416,2024-01-05,25.21669724661346,47.48606276411514,47.5429013442729,4
417,2024-04-12,22.79381971071835,30.269675317931185,90.08991774820224,2
418,2024-07-14,25.760276982571483,60.619215007139914,83.66111029146766,5
419,2024-09-18,17.74230287904778,38.94267699137381,79.00006472949121,4
420,2024-12-30,31.218823020366298,41.4623366135118,94.8150934073907,3
421,2024-12-15,23.589244108037157,42.04338705956508,57.766252187627444,2
422,2024-02-16,29.586479157940637,61.74438093170817,98.21044796873338,2
423,2024-12-20,25.71362673188852,26.643257860213044,85.98287346390578,2
424,2024-11-06,26.283766095768918,79.37748533659993,68.4516706917158,5
425,2024-11-03,26.84883640116102,58.56056809066052,89.03430220774416,1
426,2024-05-23,26.238542800086574,50.2323891412916,55.40559731382549,5
427,2024-09-25,27.21361379933772,47.451059993837134,59.632287577084895,4
428,2024-05-03,30.645762650662157,50.85554074857657,62.8711541514045,1
429,2024-04-15,24.98260584850735,53.211224283793385,64.06533437903977,4
430,2024-06-06,27.54501878794256,54.45215585950057,56.15163535859621,1
431,2024-05-26,23.551321528563868,53.55604466003449,90.34624600642988,5
432,2024-05-24,31.200586077247365,48.895806812552486,68.11718399445253,2
433,2024-04-29,20.61803848970365,46.02661579692674,77.2875745253532,3
434,2024-11-14,33.004702164554075,46.487267163464885,63.44472950379479,2
435,2024-10-01,23.799210246778284,46.05091719647319,44.69095049177224,5
436,2024-04-01,16.84612448940976,59.337700968670646,76.05086037587134,1
437,2024-02-27,24.640522074553946,53.935567222808615,43.31617536870335,2
438,2024-12-11,20.594741712625595,18.596113653357197,70.97048930871797,5
439,2024-08-16,28.203217744943622,54.55900776529761,51.47527441750785,4
440,2024-04-26,20.736880103488044,49.94736194718775,101.80913998846212,3
441,2024-11-13,21.769082833926102,47.81291243554102,85.67044083262083,2
442,2024-10-05,14.552296345272346,44.11481546911114,73.5863068690722,1
443,2024-05-06,21.738468403754617,59.24112719986013,90.95560016482003,4
444,2024-05-08,11.880603366855217,57.475264621228575,59.305260338013966,5
445,2024-02-27,16.080485882571384,40.27122332176391,80.15219068005139,3
446,2024-05-01,27.802073280721487,52.07052287124535,74.99715650578071,1
447,2024-01-01,27.92900079325416,38.28343265458714,75.96030122000505,5
448,2024-08-26,26.127287808924823,34.203818352110694,91.08530250160152,5
449,2024-10-16,19.165119284353935,41.73282775410035,82.98738154169703,2
450,2024-04-05,23.7614432192901,56.62393472382759,76.33085494237535,2
451,2024-05-05,23.981987304547157,57.53125045376087,47.17668845657556,1
452,2024-04-27,18.208176554037287,53.130854200972934,57.59930557080804,5
453,2024-02-17,31.51699150883575,55.25095786847997,70.15936599606414,2
454,2024-03-29,28.386811452878355,53.16178287114958,73.40058561414976,3
455,2024-08-24,22.89517913085168,41.585184047770476,55.046944129891145,3
456,2024-09-28,24.134429194972654,52.31922544673941,108.17515013367631,5
457,2024-07-07,25.04191403973776,56.00409525227683,94.74591082880359,2
458,2024-07-10,13.791325657878547,55.542913298135744,81.03177480588725,1
459,2024-03-09,22.764113087397014,59.88913371474643,73.08055291925618,1
460,2024-10-04,20.590078760011007,55.083038472010635,68.81686545148273,1
461,2024-12-14,18.991899950525422,51.51448207541583,57.72122309966647,3
462,2024-09-03,22.594498535570224,58.701502383164275,73.16220777778294,2
463,2024-03-16,32.988432634247616,47.7347874075094,75.86628810214125,2
464,2024-06-02,27.20421430633505,39.18125348772282,53.37359136777563,3
465,2024-05-23,21.144105051086015,46.36933036056236,77.01264625867346,1
466,2024-03-26,26.862913906780793,40.55097355193551,69.67111426762877,1
467,2024-07-03,30.99677718293001,41.24821725025618,43.382886631839135,5
468,2024-10-11,28.623168414563843,46.55481329284482,59.09422483830747,4
469,2024-08-07,24.29815184960087,40.075800790000386,65.79591699867534,2
470,2024-03-09,20.76531611147213,44.9203847036096,100.31531486010286,2
471,2024-02-16,27.491116568067948,29.063853330462145,80.34829686800637,2
472,2024-04-03,25.967426927108747,50.13293707372939,51.96777646350163,4
473,2024-08-25,28.475966100138663,48.012054753622245,79.29054434126455,5
474,2024-07-22,27.175859008409848,39.82911368931809,48.79044016592452,4
475,2024-08-05,29.247763576596675,54.59245668432405,88.2403658083061,1
476,2024-12-06,21.32382394219716,57.37570137626558,64.93313022273182,1
477,2024-02-08,30.586970328171628,31.92440135631026,70.59545716891243,2
478,2024-04-09,24.987998023461998,40.37275221433786,91.88694971313285,3
479,2024-10-15,34.37630436312632,40.30857650212702,52.692546471236255,2
480,2024-09-10,20.55406090955216,38.600968988911355,51.04322722330513,3
481,2024-08-09,32.67981901582625,56.294748419317486,63.246010104809926,4
482,2024-12-22,24.989553917313238,46.06173861227197,87.57568276528974,1
483,2024-01-23,20.74290998192776,45.35485158689389,49.209808867847364,3
484,2024-09-06,21.58057082972839,27.961376355932465,29.517666028341466,4
485,2024-01-10,22.3982634590284,54.35418030209226,65.23261712386501,1
486,2024-09-02,26.120829732009582,35.60741605146528,80.27611199866381,3
487,2024-11-20,26.6141774401775,48.599326302663286,90.00392624608244,2
488,2024-04-09,21.131499980307105,50.773769379581914,65.05257956871901,2
489,2024-10-16,23.878227038695087,61.60658595838651,65.82860089325996,2
490,2024-06-28,34.71135179305932,34.91179600880888,89.30851101383621,4
491,2024-08-10,32.637715850503554,17.804878441791747,43.95387450456869,2
492,2024-09-06,26.18161834837016,49.83849544753695,66.17218837225487,5
493,2024-05-26,24.190017390841,66.00511181510853,74.85635834887587,1
494,2024-04-05,24.600156633591308,60.38946352939438,78.73828081927552,4
495,2024-09-13,27.06758986365208,50.096594152746256,64.35289960213676,2
496,2024-11-20,18.886037174007974,43.08363814367953,72.51661517558762,1
497,2024-01-04,22.713117312883274,56.071225966373106,34.67508969880516,3
498,2024-01-16,15.657079630612053,38.26453800295531,62.126273814992274,2
499,2024-10-06,25.996115613026397,52.76357769356219,78.80263068831701,1
500,2024-12-01,27.235979698513706,53.054701591666266,57.265589486179806,5
501,2024-09-03,21.58406768850313,58.6020990749888,72.88476332384396,3
502,2024-09-14,31.869933816450164,75.59660038911078,78.70308751204047,5
503,2024-06-08,17.871171684988294,51.92415967178767,66.86176198713352,1
504,2024-12-05,16.6781255989509,42.910363742925014,74.55695656494856,5
505,2024-05-31,25.12225909279986,47.74425687808006,57.55901152073082,1
506,2024-06-26,29.235491513060772,30.30924095110882,68.9008308045593,1
507,2024-06-11,32.419638457289345,41.05286868910942,81.15324254383833,5
508,2024-02-02,21.7055786856553,43.90717561886896,74.35459441452652,1
509,2024-06-27,29.39340416715648,42.759116020654076,63.202030956540966,2
510,2024-04-10,23.807457652496463,49.52354872033722,75.36324606436189,1
511,2024-09-24,23.136863500295902,39.775800676177994,82.71914685954927,4
512,2024-11-18,28.41829968743336,59.210306673244716,41.25088082133783,1
513,2024-03-05,27.2616143920671,48.002070649181974,89.38611097433846,4
514,2024-06-16,16.118039215078753,47.90699678861385,66.95617891978392,1
515,2024-11-25,31.38270174862948,44.72105283487082,78.38234899860345,1
516,2024-02-12,30.900456770737257,49.551906838589794,89.95870385467842,5
517,2024-02-13,20.872186492452354,56.25098264667635,51.42489454154301,2
518,2024-10-11,25.979017667187044,39.328697842890996,61.3583849635868,2
519,2024-01-12,26.470150931413695,41.41883510924743,67.67176956186442,3
520,2024-04-04,25.303368829119535,44.96273971223335,60.24369718313358,5
521,2024-10-28,21.2484742307729,34.54129076526785,98.02404863755213,5
522,2024-09-09,20.641883160309742,39.807421402785025,59.148418592598105,2
523,2024-08-29,23.872229645042772,43.23779126455341,63.666798307697,5
524,2024-02-04,29.86364509629682,56.74389180712728,75.06583547404465,2
525,2024-08-02,26.71800077297216,50.62561329001925,53.96775710885866,5
526,2024-12-02,22.14692833956947,49.93589911367545,66.06478932365604,1
527,2024-03-30,27.858493553241722,56.50897962167972,76.76179891875263,2
528,2024-09-20,9.757286896849623,46.62628211600603,67.00709393426233,2
529,2024-04-02,29.743828501860516,51.904648499288896,70.59919711650078,4
530,2024-03-30,15.301431106109503,46.96778247067504,64.06001831327444,5
531,2024-04-24,22.18779529298434,50.653623493996285,49.282945362288494,5
532,2024-04-14,18.401650526869282,42.17241342388418,76.82389817008858,2
533,2024-07-14,17.526592621395473,23.61182841723571,98.32399607470862,1
534,2024-11-09,29.804133936892597,46.65720837813696,72.27602446175158,1
535,2024-04-23,21.661493993440544,62.227481360999406,75.37896175871325,1
536,2024-03-15,25.73251940865358,57.26215402241593,82.39084132675289,5
537,2024-08-04,23.76539710560408,57.653974845911705,52.96004255179952,4
538,2024-10-03,26.385204136115608,60.36130721806218,97.53771987194409,2
539,2024-09-05,24.384109455301278,48.88657590961437,75.03493194634203,3
540,2024-06-12,17.58503887905715,49.973157074055955,96.47785348633664,4
541,2024-12-22,28.9813340972357,41.8234810456565,61.00450506714016,3
542,2024-07-10,21.531217084193436,44.8392714397295,99.27092883836737,4
543,2024-08-14,16.217090506701247,54.15771149771142,83.62733241052175,1
544,2024-06-25,21.859424195170437,60.038844371688164,80.29560128778537,5
545,2024-04-08,31.503798953171554,46.60553724319001,75.51036681529722,3
546,2024-02-05,28.251108710567465,43.498107351485885,68.27207072888326,4
547,2024-04-05,22.256739327960705,48.005279588565976,90.0079748771081,5
548,2024-05-31,22.253711478407855,54.01206748929115,74.1053980477207,3
549,2024-05-30,22.391824743913087,33.56145183866458,42.49395444619272,2
550,2024-07-08,34.383739917804206,25.03819046862762,55.242203074394965,4
551,2024-08-11,25.909677261157768,42.494631505084165,69.21231371710878,2
552,2024-02-06,26.150208235955347,35.79287574085841,76.64998474748333,1
553,2024-09-24,29.15141727015921,42.91859802352689,71.15117266650157,2
554,2024-07-01,25.193945795132567,46.52219681182528,90.28456184690495,2
555,2024-01-13,22.704789270896484,43.467515909769865,42.733472039420626,4
556,2024-10-05,23.01825075457511,62.524675344707454,74.1538190475774,1
557,2024-08-04,23.641993702929682,51.2674476460232,44.730311619192676,2
558,2024-12-20,23.813888817450792,51.004743596108284,83.39568443226253,5
559,2024-12-26,27.6381477181849,54.22207144043402,70.58311928336995,3
560,2024-10-12,24.259729429036497,36.61166882219231,78.29414958036178,2
561,2024-09-29,27.663200386077897,58.391117874202685,59.04175559115351,1
562,2024-03-02,23.59641709945709,47.2423571346454,91.19197397486627,2
563,2024-03-24,24.393175951580453,54.70480617241213,87.62586996088277,3
564,2024-08-04,14.008996577339461,37.28142766959844,80.75316454517832,1
565,2024-12-07,28.58163837351241,32.46241233983936,70.05724129704839,4
566,2024-07-05,25.732442379489964,56.17889658025029,80.69785927942698,1
567,2024-01-19,28.99005054929826,51.76409526097517,61.39661148018977,4
568,2024-06-25,9.518723109031553,38.9794844564249,84.83333488531068,1
569,2024-04-09,34.44187352390364,39.303369187253054,96.74221341485881,3
570,2024-08-20,23.302051859224132,59.254347844147695,88.05915839968779,3
571,2024-03-16,29.540914083687582,36.10588107132672,61.055962952888855,1
572,2024-09-21,18.800470364372345,64.42672953255963,77.42125975909654,2
573,2024-10-10,27.06386952531285,38.99379265352131,52.60287684362028,3
574,2024-07-24,18.73292218413172,54.38391925608383,80.58585466763513,4
575,2024-08-10,20.881155196520975,44.71381524251015,78.75905119293809,4
576,2024-02-21,33.570156769333934,54.03187431082343,43.952754907017535,5
577,2024-12-04,23.046587996183266,42.558859978858074,54.57324234131454,4
578,2024-05-23,25.087164365898616,46.37207093927706,67.75291654884349,5
579,2024-03-09,28.35033865344377,48.40919175395721,67.48710379288761,1
580,2024-04-08,26.47840943986302,37.978125442185274,53.857845968717925,1
581,2024-01-25,24.752094525717883,55.408243454201255,77.83468094028275,1
582,2024-02-22,25.824805012331126,42.867864335284146,75.77210413410768,2
583,2024-05-30,36.01707792619138,45.714000846599816,69.08596302032221,2
584,2024-05-23,23.711906014832074,38.056506253914876,60.66312749762456,5
585,2024-02-26,25.005495233574837,22.376663412046895,87.73060689624845,4
586,2024-02-08,29.25327198003806,46.08972237399831,96.83110669632443,4
587,2024-04-18,29.52762966478992,72.12615421612915,64.74657774230194,1
588,2024-06-29,29.9351515278019,55.84604287898024,62.81749624267769,3
589,2024-02-11,27.19365111014592,47.80739620265605,79.36811498117994,2
590,2024-07-04,18.284975436347583,45.37109170791732,66.6295593037952,2
591,2024-08-10,32.16715766150548,48.22465892812046,69.90904199005149,1
592,2024-05-01,18.26827303490656,53.4711911517521,83.09479727587006,2
593,2024-05-12,25.513177326195166,36.19187184691155,43.359658687390606,1
594,2024-06-11,20.22862074990321,59.143216946688725,91.77453487279004,5
595,2024-08-02,23.679308267035037,55.15381315441244,73.09020786494013,4
596,2024-08-08,25.6438120515174,55.18185725707934,65.82760283156729,3
597,2024-08-22,25.606786077251364,52.38475738809727,70.66148768667827,4
598,2024-11-26,26.109603771176424,48.1961665769399,71.43644032530779,4
599,2024-05-25,32.06855634529323,54.7286123596682,46.031980448326124,5
600,2024-08-26,26.2676715075699,53.91814133741378,94.42407341179853,2
601,2024-03-16,22.779216823546758,44.45959289058976,72.61988448405927,3
602,2024-01-09,28.820435841441785,42.26398227103099,78.64503195671062,2
603,2024-03-14,29.947352444623203,49.01856295261987,86.27324655861064,4
604,2024-09-09,17.86196092431504,63.49020151495188,56.6825631365955,1
605,2024-08-17,26.98700034924929,35.60892924346099,79.10207848552842,4
606,2024-01-07,27.50586371155449,33.324747342475604,67.9853836365181,2
607,2024-06-22,22.51218248320004,49.647608412365166,84.7015616282474,4
608,2024-05-20,30.878534066558096,48.50887701856018,40.09158869472757,1
609,2024-06-16,23.249722064837368,49.73341664370408,70.51358549638097,5
610,2024-06-18,24.627882267357712,50.439531979085004,62.95769016324058,2
611,2024-10-09,23.13464087858065,45.76797745365195,78.48394425951233,4
612,2024-05-01,24.077895237907338,62.898634386020824,79.05066281052304,2
613,2024-07-12,18.518624565523993,31.990960215234843,61.38561157766961,5
614,2024-01-05,16.79974558702853,39.71502975219754,61.31739203735935,4
615,2024-01-29,31.97252531612486,46.96745239850953,70.34001947164006,4
616,2024-06-13,19.76519325840836,31.568111888458326,58.55036659027188,2
617,2024-12-04,19.043038252718464,46.241455955679285,84.6297554317819,2
618,2024-05-15,13.233049431981426,64.61470165728018,66.4618919932883,1
619,2024-12-30,20.805191261552487,48.20886488295962,28.395176710175377,5
620,2024-11-16,17.38455103296251,50.30700905718683,66.37766915067292,1
621,2024-12-07,32.21007580068185,35.3983523482742,56.421842687340416,4
622,2024-05-24,29.04908544671317,41.83638591960523,47.53086276808582,2
623,2024-11-22,20.559248274111383,44.24803619676063,53.43860042666141,4
624,2024-08-04,35.26217902672154,44.82284903243766,73.64112707749455,4
625,2024-10-27,28.90882743495797,60.81643795003769,91.92961242372347,3
626,2024-05-11,22.37584308245689,53.57691060725124,76.6977671079747,3
627,2024-10-18,11.502971425632134,36.88542043062968,62.90244917676391,4
628,2024-03-10,35.45471286295371,50.46504778432005,78.83856292756055,2
629,2024-09-08,17.05213766618202,52.98221748496785,65.11364534671512,4
630,2024-10-01,15.77300626521554,59.40149038521267,61.58099446255283,3
631,2024-12-29,29.112852160048202,63.805406865683736,54.684559976505234,2
632,2024-06-30,36.19876203169636,37.84905808172131,45.72256789872421,4
633,2024-06-15,30.92136409255259,39.89142488789662,66.15114440160832,5
634,2024-03-31,26.819545600261797,35.42422141085384,74.37080234880197,5
635,2024-07-20,26.97377170832643,45.659801408930186,70.55064494977665,4
636,2024-12-11,28.26707779390154,52.663583744463345,65.76049608078962,2
637,2024-01-19,27.794642948933827,57.87334516589102,57.813809089548286,4
638,2024-02-08,25.405957119846878,47.24048976357477,81.12369287527453,4
639,2024-05-05,24.52100551975938,44.80152476745156,52.24302120080122,3
640,2024-06-21,23.687034360502388,49.51757992248741,83.64041870765213,5
641,2024-05-20,20.23017705566662,39.64857098369977,56.96674471609913,3
642,2024-08-29,22.59662461566613,68.89538721694774,60.71347143970448,3
643,2024-08-07,15.535215929023073,31.923389728819412,49.998222140764845,4
644,2024-05-05,23.50830186602625,49.847405788957246,64.47896779671545,3
645,2024-02-27,19.057044464245415,68.2360621922964,86.62968687716969,5
646,2024-05-27,18.482053413921143,48.067998445599976,79.73442132665934,3
647,2024-11-12,24.899470755767393,46.099609649985055,86.67633168042053,5
648,2024-12-26,30.960011431722997,44.42554577189573,79.83213818900904,3
649,2024-01-01,28.591583030011563,46.19608318237592,55.44495257204446,5
650,2024-12-13,16.147496981884114,61.728484746765304,67.03816163508664,3
651,2024-07-08,19.051859317148313,25.88138088670493,60.29701306323806,3
652,2024-07-09,28.70385593994108,63.33433701296325,91.95862356058561,2
653,2024-11-07,19.087563032308452,33.76042847549855,54.04817030360533,5
654,2024-04-26,22.876834250014877,45.333476707655855,85.40546534083666,5
655,2024-05-13,26.75026049512276,43.707555797013384,85.39430805163154,5
656,2024-02-27,19.158277725681824,53.8855326977072,99.4443030257413,1
657,2024-02-13,24.5268775307298,32.01875648116253,65.85470111055754,3
658,2024-06-21,17.329872525408977,52.62172666081943,82.68483239370244,5
659,2024-06-08,20.99316178024393,68.24309623286852,106.22477754808264,1
660,2024-06-21,25.598909670712686,34.368259954071895,62.73537484599455,2
661,2024-11-12,16.035031332341653,49.89706167610396,48.974396287014606,5
662,2024-10-29,26.202373689801995,41.38017822203391,43.79984949138354,5
663,2024-05-28,23.901811005366593,52.25887206193036,82.69068043291998,1
664,2024-03-20,26.762449772085738,48.19147777415752,43.75274687912125,3
665,2024-07-31,25.119570670323306,41.5851309095569,66.41521420593116,2
666,2024-07-21,30.82070214986922,52.87872284871074,78.5596978055844,5
667,2024-09-08,24.626122513239537,66.04348109786743,74.7776330524487,3
668,2024-08-16,21.852972294373735,46.09096208272701,78.38167296276258,2
669,2024-06-12,24.611487515161418,55.19757942148182,75.33434783701281,4
670,2024-08-14,26.71649014518194,35.06727042128836,91.1829871997009,4
671,2024-05-26,24.24430035162852,38.43563623181991,57.71525428891805,2
672,2024-01-20,24.202958456019413,52.72406277880377,61.84507292312203,1
673,2024-02-16,20.490041560966223,62.84116028535965,60.41010832093764,2
674,2024-08-20,20.68549541224526,51.5561334878566,84.45287717793916,2
675,2024-10-31,16.986973641001534,44.86941969476845,85.50597882592595,1
676,2024-01-14,32.7478837159347,47.99291405423354,78.76837978977763,1
677,2024-05-22,17.780683823043574,35.495922660302824,89.75240500334891,3
678,2024-01-01,20.53547401102046,54.045153263553665,54.32938698935429,3
679,2024-02-23,20.40796367215401,56.82333062323409,97.00836167326706,1
680,2024-09-15,28.474621884722207,43.4790966716692,94.84857932568387,4
681,2024-05-23,22.52525160853986,43.299578522404985,83.0343299586862,4
682,2024-01-12,30.238710363368668,50.658782296520485,98.7269836315659,2
683,2024-11-25,20.63254687878066,43.63280263959405,47.150651884833394,5
684,2024-08-11,25.39497081111901,47.338673853741774,64.13327795606023,2
685,2024-09-28,19.823264733701215,68.99721789166516,60.97044808977071,2
686,2024-12-23,34.72574563886694,45.52974299254004,82.82218985636015,5
687,2024-06-04,18.062007904852436,44.41659847978778,56.24788890596781,1
688,2024-01-08,25.549103551135136,41.52458194364841,83.36242724006229,4
689,2024-05-01,27.168884404660492,55.441919714999365,92.5580421599507,2
690,2024-12-13,26.068995487257492,46.18775826781897,82.42804350125999,5
691,2024-06-12,23.073561705611457,41.506269616785744,76.25626535492252,3
692,2024-03-30,23.35089650133287,61.21304032273012,57.181899886488765,2
693,2024-05-15,24.219057359895547,62.19603004513637,59.29723550811953,4
694,2024-07-04,23.264989991857558,41.99576434261295,90.74428357945,1
695,2024-11-11,28.819395583974547,29.33460048639384,83.69023505857999,2
696,2024-06-26,35.05261500795676,58.07513689836922,71.41470720933684,2
697,2024-01-28,21.212541074960832,41.15370174239996,65.73135681351164,5
698,2024-08-07,17.150985102104613,55.90625599162769,41.612881903329345,3
699,2024-12-22,23.558589758243727,28.298961822881644,55.93721371973342,3
700,2024-02-10,36.898546688271594,56.92597338299309,100.67128630709585,1
701,2024-08-15,19.981627160151348,35.88828070719219,52.793166434963,4
702,2024-07-10,32.195584027220335,55.307641190665244,74.84219731831621,1
703,2024-05-24,32.388504070382204,48.142730678364344,87.11165959792798,2
704,2024-07-19,21.232058791460027,38.460605806033556,53.17615997996562,2
705,2024-07-30,26.844915395926378,43.929636870732196,74.77065712171625,3
706,2024-08-07,32.14198311564269,54.86318456956701,86.06873306265983,4
707,2024-08-27,22.104361295062564,49.05894453115234,72.18748982860876,5
708,2024-02-15,22.982098199488192,53.844129804724844,115.02604583500153,4
709,2024-02-04,21.09159543025678,67.76440584515485,46.97101111682707,2
710,2024-09-09,18.926216346535668,32.357583882889486,87.88092794825818,5
711,2024-03-22,20.753612274669965,64.17212574968624,69.40797393905304,4
712,2024-09-12,17.880298666188718,49.04355937523213,83.57880232255013,4
713,2024-07-15,24.17041734129613,39.01215951676872,78.61960727548869,5
714,2024-10-29,20.15013384470679,34.696863742610105,61.002657043350055,2
715,2024-01-10,25.16892955895374,46.10879609222967,75.4349458868901,4
716,2024-11-07,16.220521768981865,57.2165011192446,44.13147822902569,5
717,2024-10-12,25.654401161072286,46.724508796224654,81.0487125085709,2
718,2024-08-29,28.167644808044624,63.11154930247348,76.47237698985788,5
719,2024-09-07,14.031321787142723,33.48824309948441,81.57990252964653,5
720,2024-12-30,25.87028284923786,47.87911052153945,87.87177487630726,4
721,2024-01-05,30.13834496236646,35.47606555586881,77.51429760314566,2
722,2024-04-28,17.951794906543974,51.63631882624968,74.22134129697415,4
723,2024-10-15,32.362861934188516,56.868873900973,58.78397495008062,1
724,2024-03-05,26.095095046830227,43.792382063189464,61.316688545264235,1
725,2024-05-25,20.474940721207957,21.95786143372866,89.80101930265997,2
726,2024-08-11,23.72115461171147,49.98948146796494,93.54503108558967,5
727,2024-08-26,26.79163456260861,52.367385517335094,68.4283434553192,4
728,2024-06-25,24.380026957062057,52.042947549616976,72.69004120879912,4
729,2024-09-23,26.693779962231847,60.35782191822154,58.43078437509351,2
730,2024-12-06,19.39663203460317,37.28946320350951,89.59135267901168,2
731,2024-10-08,24.84680412018039,54.802161054504495,81.98125235537668,1
732,2024-03-03,16.9314275154751,59.92507512477975,101.11826154695623,3
733,2024-08-04,23.4438696932565,30.214124159934833,58.82515384230392,2
734,2024-12-07,19.480461792676053,51.19651825918977,66.32988151472674,3
735,2024-11-10,20.322350287051165,42.958201689923285,75.47168883788359,2
736,2024-10-09,30.18046587605219,47.18477326898354,81.69734306588656,5
737,2024-06-25,29.456550602971344,51.476764835383364,68.76498543678551,5
738,2024-04-07,27.045690604535885,43.12771435886448,58.90558364319449,1
739,2024-04-14,18.538436176637106,41.24291920838388,85.22111293385356,1
740,2024-04-08,22.41795775152599,48.34152417488025,82.81703043818372,3
741,2024-11-06,30.065488499895917,37.12754061137197,58.25588849154413,2
742,2024-01-06,24.708584568199523,37.141748711148146,92.33164201658244,4
743,2024-07-15,35.59664769990847,54.79373282956503,89.55298063794905,1
744,2024-12-16,25.96658919697186,36.51205964841344,74.01444745871689,4
745,2024-05-12,24.960245582450156,54.66312500909212,73.19396793564054,4
746,2024-12-23,22.454417678987493,52.62591292853951,80.31086656673861,2
747,2024-09-15,24.66770452391141,30.741932712094034,59.074453946156126,3
748,2024-01-23,23.23765081809728,41.22435347664345,72.45047218746123,2
749,2024-02-22,27.54054338344295,59.94109403047372,39.714246830862294,1
750,2024-06-13,28.78351158397292,38.18834468860318,85.14683468254404,4
751,2024-07-20,20.070052697460252,43.355957376906126,48.57760166337211,2
752,2024-03-23,17.34383523221111,52.62060893251896,94.55129742643499,2
753,2024-05-24,14.818973134483517,55.83390509282596,67.04819859050325,2
754,2024-03-25,26.539956634562717,45.48461113955504,68.82499527103235,1
755,2024-03-18,18.483166969130632,42.02489805308358,62.583991408732416,3
756,2024-01-01,13.235547035237586,62.223698616985075,67.67941689116886,2
757,2024-02-20,25.942893022654822,65.3889966379758,93.27797017722055,1
758,2024-06-21,36.46499758716395,57.788580507817954,34.68287015197381,4
759,2024-07-23,23.969645442300532,48.85318142565024,91.15448079132281,5
760,2024-09-16,28.19245387225821,39.91734278359074,77.07035221652562,1
761,2024-10-14,24.409146792737825,39.695555934434346,53.89467528214176,5
762,2024-02-03,23.505551734044285,53.22514105265758,55.87031410426143,2
763,2024-12-13,28.595382414938843,52.18398220888684,97.14589540812304,2
764,2024-04-04,22.548627279056742,62.01598592946429,57.81739680085903,1
765,2024-03-12,25.336961570359513,54.50450092536139,54.69974234106061,5
766,2024-02-08,25.608489030980067,32.96919698240182,89.05971813547094,2
767,2024-06-02,20.659547731784755,58.51947617722919,77.07829314428871,4
768,2024-09-06,28.960211747682614,38.01939372685587,57.93111635195402,3
769,2024-06-10,23.125201216522957,44.16028728047648,75.24937463106929,3
770,2024-04-27,20.221274202535778,50.502002062516944,56.61370974539584,2
771,2024-09-15,26.682549217852017,67.95667489783965,88.51232097633908,5
772,2024-11-01,19.507660091044812,79.09918556005361,87.920564473097,2
773,2024-09-24,24.140905786845643,54.06723059136183,79.98009298232915,5
774,2024-02-23,23.95440501677898,46.168033812796125,77.42491591870525,4
775,2024-08-23,29.42947782915789,53.345056484805504,98.41782187301061,5
776,2024-08-09,26.373491164399763,56.87655425873836,71.99529491082338,2
777,2024-09-07,23.87486520627428,44.793323744428086,54.27188811868798,4
778,2024-11-08,28.088831496001436,65.95211355912322,78.7421086924846,1
779,2024-04-21,30.951037745086566,50.30070759191402,103.2907057430567,3
780,2024-09-11,26.789051531759313,52.97743089091394,56.77860760221222,2
781,2024-10-29,24.051763099216902,54.659242520544616,66.57805849959021,2
782,2024-07-25,17.4408188382492,52.21586610614456,78.2466905715218,2
783,2024-08-16,18.674431684623137,56.38940500469612,71.19142726491391,4
784,2024-12-06,22.47387647822666,41.82746813453077,57.26544629434028,1
785,2024-03-06,20.952438989203586,42.41698246053969,88.82786784345706,5
786,2024-03-15,23.06514348507277,36.99845767028305,106.80061083025889,1
787,2024-04-12,24.283249624485535,52.39501230620226,74.94197188535861,4
788,2024-07-10,26.648463771783653,55.78936503512114,58.43897565396,2
789,2024-09-08,23.647506109704544,52.57772866151886,48.76559212419787,3
790,2024-08-13,26.43250821913101,64.74492433347538,75.86963971831771,2
791,2024-10-20,24.3223720740506,47.94403981170954,88.55816014974387,5
792,2024-11-01,14.122667168230643,54.687416555925125,79.12751619743072,3
793,2024-04-07,19.303323030906228,37.08299123860686,71.9639423862172,2
794,2024-12-03,23.279562221391924,44.12900297525599,63.160925223160405,3
795,2024-10-12,17.95152628579446,54.95537757565778,55.617545509228655,1
796,2024-11-30,26.999643649981024,56.491021107431436,84.52126989487323,4
797,2024-12-12,31.65375416171849,45.060330523358175,85.70657432078379,2
798,2024-11-03,30.093809258486584,47.28400748141933,48.814053199639005,5
799,2024-09-05,22.93278564534896,32.821262533191906,95.84758467271025,1
800,2024-06-14,31.45363068424976,44.42970799193391,80.61106831341002,2
801,2024-11-30,24.743337286010558,56.90383163519786,92.99391967718691,1
802,2024-01-30,22.314570144409803,53.75205016106566,51.868083772723274,5
803,2024-09-03,20.9329866822953,53.0066572138121,51.51263766876842,2
804,2024-04-15,22.487651567559357,48.4977368718096,69.76546035349054,5
805,2024-02-20,22.059115907293858,48.07063158628176,79.54176640342791,3
806,2024-03-21,24.85208111187744,41.39678860526553,98.94541234390445,5
807,2024-05-12,24.802869905249324,54.98828420202535,82.59118370722697,3
808,2024-10-11,24.015230100767074,52.2097294438939,68.3597808478195,2
809,2024-05-17,26.184690848731748,52.920188479927994,56.60446188501162,3
810,2024-07-02,29.953231373931708,42.739651573324196,90.45000859078725,2
811,2024-11-25,28.747770677206617,26.466570801287556,57.52941861373928,2
812,2024-09-29,16.575510157750482,58.97152711753696,96.42702832158483,4
813,2024-12-05,11.230394325490225,43.211625439915956,67.73423025590236,2
814,2024-03-09,28.67159955619637,39.372242359568794,95.85873108926776,3
815,2024-02-03,17.165606507922895,54.934789119139936,82.18396935088917,4
816,2024-09-18,22.87617299053658,44.0798736008087,69.94506765836313,4
817,2024-02-22,18.149434869703203,58.59936384046622,64.2090544226081,2
818,2024-07-23,14.9900978120999,54.17005949576698,66.8863818398088,5
819,2024-05-05,26.70731364102394,54.83569323200477,78.42475038562856,5
820,2024-08-22,27.795775801513233,34.340442887994655,73.15734744326575,4
821,2024-02-12,21.1174479963664,60.11943985386401,63.09282887896942,2
822,2024-08-27,11.044788539275451,50.61250531233856,69.51552884523552,5
823,2024-04-20,21.268777758737585,44.307228607537965,73.17865544578724,2
824,2024-09-05,25.959020027012734,49.43388467342251,40.06898858377782,2
825,2024-05-30,16.605442156129357,30.237647671016802,78.87252172183048,4
826,2024-07-01,24.91679959889578,52.08652811480671,57.3041816292479,4
827,2024-12-01,23.923450754135022,37.706284918179286,54.700013951913824,1
828,2024-04-04,26.896457498005443,34.47329714156466,46.689834793339344,5
829,2024-01-08,24.597901842070765,32.77640813782109,45.091612531981646,5
830,2024-12-25,19.13465529559222,59.12688374989925,51.668287453315656,5
831,2024-07-02,29.982857508322457,41.707366063072115,61.36468563554264,3
832,2024-10-07,23.20735213486515,63.33727709916499,101.29888706289853,2
833,2024-07-13,23.86347730245034,42.64198536947702,64.11180486157194,4
834,2024-12-17,19.333660204634022,30.926420424070532,74.66625159402047,5
835,2024-07-13,21.783588744042447,36.83475560051341,78.00722079759493,1
836,2024-06-03,19.575986429865495,60.35811620006939,73.96597779323773,5
837,2024-04-02,23.135269700382885,46.441018220633325,70.8383480891101,2
838,2024-06-08,32.558542400711715,42.51712703509399,54.07059354601133,2
839,2024-03-01,17.140494285343216,49.60018225852788,93.76391322418817,4
840,2024-05-01,15.932193010616295,53.01782736167545,99.10794965456827,3
841,2024-02-20,31.355851637468042,59.17398815902461,46.76011958815971,4
842,2024-10-03,22.95338161424067,62.484992298929264,56.639571136704305,5
843,2024-01-05,20.654636306700418,44.40231354210914,67.8028448643449,1
844,2024-04-01,29.19952343698038,34.73952313917962,57.53193307634713,4
845,2024-06-18,20.97192230131568,43.86534838876724,79.58948330183797,3
846,2024-11-12,33.13004856773468,50.60280506582886,61.0759169639008,4
847,2024-01-22,27.389629356696346,38.36241073789389,104.47584101709904,2
848,2024-11-21,21.560442959271487,38.428490851049574,89.85822891515394,5
849,2024-01-01,34.786541066327516,51.437878815498856,75.18861045948323,5
850,2024-05-12,20.97142538498331,47.51347648429549,87.40479394979599,5
851,2024-08-20,27.710476860046533,48.327969954115865,88.58850636535963,5
852,2024-01-12,25.49646290203246,40.41504665299931,63.54078767912635,5
853,2024-12-11,30.50870644699399,45.69599285794233,59.75674133187053,5
854,2024-02-15,31.807555983634263,38.757668557316954,73.17214594454471,1
855,2024-02-03,24.160020745328833,56.90198411124787,84.92454186746916,3
856,2024-03-18,20.232910648269083,58.35249334723753,74.08590597980127,5
857,2024-08-05,26.299860714695583,29.538121377619063,48.345052767135044,3
858,2024-10-27,20.61142315123947,38.7048913980759,59.95763334073737,5
859,2024-03-13,34.066936237633115,33.03470744909921,70.89040704608433,4
860,2024-10-08,24.682676655413687,41.49976065593102,70.86501593511255,5
861,2024-09-05,22.173392243439455,47.16562030209639,101.58813265184712,2
862,2024-02-16,24.923401529324543,33.5035478030147,51.21018086401503,1
863,2024-04-30,17.264368552351517,38.78140186874687,79.58383862753811,4
864,2024-08-01,19.141929807446743,37.960426279185015,94.33669662492434,4
865,2024-08-26,30.00206953972213,50.07267329398944,106.07174618134194,2
866,2024-02-25,20.71552860514302,48.6934433703625,65.93403865224059,5
867,2024-12-15,18.7654450865903,40.78262446662747,79.37144179080299,1
868,2024-04-16,26.68326376263643,49.76820872139398,80.54640535797971,4
869,2024-11-14,29.928520773314986,42.533199154127345,74.93222597329937,1
870,2024-02-17,27.594766553325336,45.283448896739465,70.5173219814104,4
871,2024-03-01,28.980238429029082,64.73452090298537,78.53963084250069,5
872,2024-12-02,20.216024557152696,61.40461051790348,34.01630872170472,4
873,2024-01-26,16.89094666629078,35.004187630724026,82.23104235093948,4
874,2024-10-18,31.506668259777435,56.29732417879175,73.89266855492951,3
875,2024-09-13,22.38660080578932,56.11396554491592,68.66287654832603,5
876,2024-01-08,22.745834917724764,36.51736711247382,102.70293293579337,2
877,2024-04-22,30.640970709245288,56.18777643754861,61.87598971814172,2
878,2024-12-20,26.7811500470033,63.37931918412553,65.95386016402453,5
879,2024-09-09,26.27943886040804,36.77455193755586,101.873299533071,2
880,2024-06-28,34.825011724505416,38.824971789857365,59.51908042725215,5
881,2024-07-25,20.782408848099287,58.17661466843502,63.748270755951914,2
882,2024-10-29,28.639200640406187,50.71495310825648,69.79461864853725,3
883,2024-05-06,24.285065624485423,53.514762752395235,84.61101723194324,2
884,2024-02-25,25.342961394316283,51.40589216400497,75.1170376102997,4
885,2024-08-01,31.64234213206266,51.90695920928144,52.610619792716065,5
886,2024-01-14,26.53917878144812,34.73527871688917,64.01747155309215,1
887,2024-01-28,26.691480395248163,58.47317706621448,62.88968350181683,1
888,2024-03-18,29.36253668654901,59.69589992427774,70.84168432165431,5
889,2024-08-03,22.175236352285573,45.70609255931972,78.38765487944744,3
890,2024-12-30,19.803951663304968,47.56523050186138,78.27308633831959,2
891,2024-06-02,18.775954029894834,32.68892497444278,45.359823689273966,3
892,2024-01-14,14.16821705311999,53.14254756017835,87.95911481341284,1
893,2024-07-05,34.28103564970161,53.72057441714144,75.78853268994935,5
894,2024-11-07,18.483958171391585,47.37808983000689,92.7679807139086,5
895,2024-01-07,22.89373188207114,59.24353359870503,78.66297490936007,3
896,2024-01-03,22.615933500555396,44.659227690200595,88.51984436603644,3
897,2024-04-20,25.537033489045506,53.646059258936006,78.9981796717519,2
898,2024-08-25,28.078686062696484,37.80335661307885,92.19338634304123,4
899,2024-12-28,28.302367441798726,47.76447849125762,79.83375954026668,4
900,2024-08-26,21.08461280715531,46.25645742097164,70.53127130335643,2
901,2024-09-30,23.164391431067944,50.25307922040942,106.08652080670322,4
902,2024-10-20,25.412899752441497,44.304730711666416,85.33555683419839,1
903,2024-08-14,22.756544369082263,46.68527404328332,80.60616631506619,4
904,2024-01-15,32.03672788009996,56.26047171441506,52.85543375192496,2
905,2024-07-10,26.454874758191256,43.63235762761782,52.675385738046934,4
906,2024-04-28,27.674388930249087,31.934228992613207,76.3907322321278,5
907,2024-01-28,27.314406343337062,65.4958390420542,74.18281796652361,3
908,2024-07-20,29.867369287426627,61.814540786904864,62.78816152487526,1
909,2024-02-08,24.905107793518535,35.07737304894381,74.1147404941809,5
910,2024-09-29,17.515840260220767,54.897078052451945,95.82940392065393,5
911,2024-08-18,25.998439758763208,42.97025229448657,82.43103711825448,2
912,2024-03-26,20.743215531040853,50.634872153310596,54.88487235370893,3
913,2024-05-05,21.356916591251217,50.94224129013494,70.32736759285585,3
914,2024-10-26,26.931820093775467,45.65592199683678,59.925502787211585,1
915,2024-01-25,30.19141535716818,40.16234334413603,66.18450125387159,2
916,2024-05-24,24.106357883680307,41.094589476837406,65.79576501555536,1
917,2024-01-13,25.544165062994818,38.83808084518758,64.83531626093992,4
918,2024-07-30,32.51107472317619,39.681777917695555,53.17296942039908,5
919,2024-01-25,25.203765897442842,47.328217099506446,70.08517977722715,1
920,2024-03-08,37.008415570901974,40.842400108892484,63.59088544729035,5
921,2024-03-07,26.82754822815772,54.820520657126195,28.05826964996598,2
922,2024-08-20,15.196186204220911,62.87246155335927,102.79458036752494,4
923,2024-04-18,27.766708105522664,42.19946758629957,88.33154481325008,2
924,2024-05-25,25.90579192441389,50.39404500535377,66.35548912612506,4
925,2024-04-20,30.448763770413727,52.996851103029336,72.28228574610898,4
926,2024-08-15,27.36590675634979,52.72002270919275,54.42518479023657,5
927,2024-04-20,23.307720080081133,48.759552679160876,97.43584316716297,2
928,2024-02-03,17.878508818553172,55.426824183597226,100.45933042159668,2
929,2024-04-20,22.954883713569874,52.82248952680657,74.35040592369786,1
930,2024-09-20,19.7473977289535,35.62337577672702,87.35295966278017,2
931,2024-08-23,21.097382750976386,56.69156064389273,74.62930168400885,1
932,2024-03-23,26.94289202210305,56.872908372667425,51.94911841686104,3
933,2024-02-11,32.34952252175703,40.367138958214184,65.82264946554514,3
934,2024-04-10,25.973357649114906,48.37937835447602,73.97891950157936,3
935,2024-01-06,18.020584689824076,54.833289928110695,65.18178421884834,2
936,2024-06-28,26.223013341100703,45.906861804206386,68.72020083847445,2
937,2024-10-08,29.983157433228257,58.729780477660114,70.62900663736329,1
938,2024-11-15,20.95108547840309,71.6387249461936,70.78682253201808,4
939,2024-08-13,23.32991416663541,40.140139673650175,72.78387735746225,1
940,2024-11-10,24.073440973645987,34.18955396846225,56.09092400405099,3
941,2024-12-30,20.075508434588798,51.03818595604876,61.244757763080955,1
942,2024-08-16,27.241402169219295,55.21562505126143,52.73123601450046,4
943,2024-10-15,23.395259256961094,45.69133626155231,86.667233245293,2
944,2024-05-29,26.097662219535138,62.53260663321034,40.415295872395134,1
945,2024-10-03,19.562539110989498,34.613942002767516,89.30385514975389,3
946,2024-07-16,21.812708498382946,54.92918623031611,92.79524095894266,3
947,2024-03-10,27.611906789138857,41.94139179241107,67.46729119526069,2
948,2024-04-21,22.135834239541165,65.19377906207296,32.95294368259052,1
949,2024-01-04,32.63481925616703,67.92515353168119,66.58034157049065,4
950,2024-12-15,22.001819071926988,40.33343412216652,71.0372375806677,2
951,2024-11-26,25.12342362875943,42.5044286409142,56.8410267010663,1
952,2024-11-13,28.662954159365448,56.59587886979802,64.27172409287635,5
953,2024-12-15,16.908171335334842,44.12869350210485,94.95292798295027,3
954,2024-04-04,15.19595594009612,47.54588782067762,81.97390743452611,4
955,2024-05-31,16.371718427149524,48.2538842054241,58.1315382843285,4
956,2024-11-06,30.31292051713591,28.803268438023437,48.03601245606852,4
957,2024-05-16,21.240709270537767,47.86162253905763,67.09474023585344,3
958,2024-09-03,36.79099642834126,41.10272225935826,68.79814830974342,1
959,2024-08-30,21.178762006713058,43.06877177600228,79.44298781044975,2
960,2024-01-31,24.922756515985185,62.43632003468814,63.97024931148512,1
961,2024-02-09,31.710549762839378,35.434931057207436,79.67249363042792,2
962,2024-08-16,34.03046444079561,56.132051867479774,101.02731060090343,4
963,2024-02-05,34.30751788318199,45.21037069668191,84.23251533666394,1
964,2024-08-10,30.041831152965713,45.202398315041656,71.27867239003841,4
965,2024-01-06,29.120312629057313,55.90371896051711,69.25274293420058,5
966,2024-11-17,26.962634746005914,51.4005129456889,66.64990298730193,4
967,2024-08-07,27.89180538083319,53.70612997219531,89.70961368678218,4
968,2024-03-15,21.244071418357333,57.68184660532861,62.59029831073046,2
969,2024-01-04,19.909005582888465,44.686916168166775,72.67834063499974,5
970,2024-11-30,23.98312771294524,41.87763265492249,72.76796852821629,4
971,2024-05-13,23.149076887375358,37.148494734422016,64.47323710782702,4
972,2024-04-27,21.733859753363625,39.74589470021045,51.41301678173849,5
973,2024-04-03,27.481937237283578,77.49094425308725,76.84461755426503,5
974,2024-03-02,28.776526042852552,60.44679580736786,71.08494042216924,1
975,2024-07-12,24.442034431459238,34.489256337919784,79.50360704154855,2
976,2024-11-30,31.38765040527631,34.7754204325643,63.99599540341249,5
977,2024-07-21,18.291554429332475,52.81866061718492,90.31231948219572,5
978,2024-01-26,23.03170270360141,53.47264797377967,58.848393281822325,3
979,2024-06-21,20.415888396985977,53.48883835317365,97.68060426026838,5
980,2024-10-26,14.6673169146347,45.45044206446302,45.78545235257607,2
981,2024-05-12,23.586596570786504,46.745457399970995,78.52155096835337,4
982,2024-11-21,23.39126245808358,51.27879524159357,79.13146023789935,4
983,2024-04-27,31.567248716210656,48.858930062933304,60.06664398088677,4
984,2024-11-19,27.154058422773886,25.80699627252465,78.36590906791518,4
985,2024-10-01,18.879065878353977,45.70200369424806,91.19278004640239,3
986,2024-07-30,33.27046283167094,39.485935657396865,38.74771740968903,5
987,2024-08-12,30.105168477626766,49.75211418908512,79.54117211236222,4
988,2024-01-20,26.91048851734308,77.85259002603411,34.600937695048835,1
989,2024-04-22,22.86757950575084,51.67481665474304,57.51502794715188,4
990,2024-05-19,19.202803816382602,44.86470313827602,96.43749547351418,5
991,2024-02-16,22.138966119644735,57.21801501977252,63.27326949911919,4
992,2024-01-01,29.44374309852093,52.826878872092124,54.39180053386541,3
993,2024-03-30,33.42293152967304,52.200944904518416,69.03093406522977,2
994,2024-05-21,31.716217641360945,54.06850593215671,103.01859507245328,2
995,2024-11-15,21.55575289106863,68.56543564829542,44.52476629190961,5
996,2024-02-07,18.401912833554945,36.69111564674084,56.230351325409835,2
997,2024-10-19,24.70443123455602,52.736320768114545,94.4614752476944,2
998,2024-05-18,15.157803172185742,38.73618870018461,99.86553515306599,1
999,2024-12-21,25.615838570923906,53.55512646342248,70.44853163564574,5
1000,2024-11-28,23.261987068506656,38.81313488513906,53.41420946210036,5
